<?xml version="1.0" encoding="utf-8"?>
<customUI xmlns="http://schemas.microsoft.com/office/2006/01/customui">
<ribbon startFromScratch="false">
<tabs>
<tab id="MyTab1" label="OpenAI">

<group id="Group1" label="ChatGPT">
<button id="W1-1" label="文章生成" imageMso="AboveText" size="large" tag="文章生成" onAction="リボンからの呼び出し処理" />
<button id="W1-2" label="-文体変更" imageMso="ConvertInkToText" size="large" tag="文体変更" onAction="リボンからの呼び出し処理" />
<button id="W1-3" label="議事録作成" imageMso="GetExternalDataImportClassic" size="large" tag="議事録作成" onAction="リボンからの呼び出し処理" />
<button id="W1-4" label="汎用生成" imageMso="FileNewBlogPost" size="large" tag="汎用生成" onAction="リボンからの呼び出し処理" />
<button id="W1-5" label="モデル設定G" imageMso="CurrentViewSettings" size="large" tag="SetGPTmodel" onAction="リボンからの呼び出し処理" />
</group>

<group id="Group2" label="DALL-E">
<button id="W2-1" label="画像生成" imageMso="SlideMasterPicturePlaceholderInsert" size="large" tag="画像生成" onAction="リボンからの呼び出し処理" />
<button id="W2-2" label="モデル設定D" imageMso="CurrentViewSettings" size="large" tag="SetDALLmodel" onAction="リボンからの呼び出し処理" />
</group>

<group id="Group3" label="OpenAI">
<button id="W3-1" label="ファイル要約" imageMso="FileVersionHistory" size="large" tag="ファイル要約" onAction="リボンからの呼び出し処理" />
</group>

</tab>
</tabs>
</ribbon>
</customUI>