<?xml version="1.0" encoding="utf-8"?>
<customUI xmlns="http://schemas.microsoft.com/office/2006/01/customui">
<ribbon startFromScratch="false">
<tabs>
<tab id="MyTab1" label="OpenAI">
<group id="Group1" label="ChatGPT">
<button id="P1-1" label="会話する" imageMso="NewComment" size="large" tag="会話" onAction="リボンからの呼び出し処理" />
<button id="P1-2" label="-スライド-明細作成" imageMso="SlideMasterInsertPlaceholderMenu" size="large" tag="明細スライド作成" onAction="リボンからの呼び出し処理" />
<button id="P1-3" label="-スライド-要約作成" imageMso="SummarizeSlide" size="large" tag="要約スライド作成" onAction="リボンからの呼び出し処理" />
<button id="P1-4" label="アドバイス" imageMso="FileWorkflowTasks" size="large" tag="アドバイス" onAction="リボンからの呼び出し処理" />
<button id="P1-5" label="モデル設定G" imageMso="CurrentViewSettings" size="large" tag="SetGPTmodel" onAction="リボンからの呼び出し処理" />
</group>
<group id="Group2" label="DALL-E">
<button id="P2-1" label="画像生成" imageMso="SlideMasterPicturePlaceholderInsert" size="large" tag="画像生成" onAction="リボンからの呼び出し処理" />
<button id="P2-2" label="-スライド-ビジュアル化" imageMso="SlideMasterPreserveMaster" size="large" tag="スライドビジュアル化" onAction="リボンからの呼び出し処理" />
<button id="P2-3" label="モデル設定D" imageMso="CurrentViewSettings" size="large" tag="SetDALLmodel" onAction="リボンからの呼び出し処理" />
</group>
<group id="Group3" label="Embeddings">
<button id="P3-1" label="-スライド-類似提示" imageMso="ViewSlideSorterView" size="large" tag="類似スライド提示" onAction="リボンからの呼び出し処理" />
</group>
<group id="Group4" label="OpenAI">
<button id="P4-1" label="作品制作" imageMso="OmsSlideInsert" size="large" tag="作品制作" onAction="リボンからの呼び出し処理" />
</group>
</tab>
</tabs>
</ribbon>
</customUI>